aegdal0@mozilla.com,Egdal,Arielle
cbarthelemy1@samsung.com,Barthelemy,Cyrillus
dmatushevitz2@odnoklassniki.ru,Matushevitz,Derrek
klinney3@squidoo.com,Linney,Kellie
lmcneilley4@edublogs.org,McNeilley,Lenna
savramovic5@sbwire.com,Avramovic,Stacee
lturvey6@cbslocal.com,Turvey,Lia
vwagen7@skyrock.com,Wagen,Val
averdun8@indiegogo.com,Verdun,Amara
obeades9@blogtalkradio.com,Beades,Olivette
gsextena@wiley.com,Sexten,Giana
asandellb@sitemeter.com,Sandell,Annabel
celpheec@smh.com.au,Elphee,Casar
scoronadod@pen.io,Coronado,Serge
lloinse@dion.ne.jp,Loins,Lane
kaugief@miitbeian.gov.cn,Augie,Korrie
lkettleyg@booking.com,Kettley,Llewellyn
pmacveyh@i2i.jp,Macvey,Philbert
rgowlandi@example.com,Gowland,Randell
ltrathenj@dagondesign.com,Trathen,Lyda
lwilcek@bbc.co.uk,Wilce,Leia
cknellerl@purevolume.com,Kneller,Carrissa
cgansbuhlerm@wunderground.com,Gansbuhler,Chalmers
flobleyn@oracle.com,Lobley,Forrest
aloadero@pen.io,Loader,Arty
nduckhamp@intel.com,Duckham,Nat
hgruteq@wikimedia.org,Grute,Helene
bjakoubr@sakura.ne.jp,Jakoub,Babita
ebuttles@amazon.com,Buttle,Eleni
dcrosthwaitet@furl.net,Crosthwaite,Dina
aprottu@odnoklassniki.ru,Prott,Ardath
ogrenfellv@constantcontact.com,Grenfell,Odele
ksiemonsw@forbes.com,Siemons,Kacy
tselveyx@yandex.ru,Selvey,Tandy
mlethleyy@mac.com,Lethley,Mic
sembureyz@economist.com,Emburey,Sheryl
elogesdale10@archive.org,Logesdale,Eudora
ystienham11@google.com,Stienham,Yehudi
fblayney12@godaddy.com,Blayney,Florry
ccadd13@friendfeed.com,Cadd,Cyndy
cbaldacchi14@liveinternet.ru,Baldacchi,Cass
rdanielsky15@histats.com,Danielsky,Romeo
mkennewell16@php.net,Kennewell,Mercedes
charnetty17@sohu.com,Harnetty,Concordia
jcaslett18@squidoo.com,Caslett,Julienne
cordish19@scientificamerican.com,Ordish,Cassey
gcharle1a@java.com,Charle,Gunner
mbartlomiej1b@umn.edu,Bartlomiej,Mab
asturley1c@amazon.co.uk,Sturley,Alfred
lgritsaev1d@merriam-webster.com,Gritsaev,Lenette
edawtry1e@squarespace.com,Dawtry,Ev
lkuzemka1f@blog.com,Kuzemka,Lucie
sparnham1g@tiny.cc,Parnham,Sharl
tmanwell1h@timesonline.co.uk,Manwell,Tasha
molufsen1i@lulu.com,Olufsen,Minta
byesinov1j@vkontakte.ru,Yesinov,Bill
mmacrury1k@imdb.com,MacRury,Miller
klandor1l@chicagotribune.com,Landor,Kalil
hmustoo1m@technorati.com,Mustoo,Hanny
bgotfrey1n@live.com,Gotfrey,Bobina
gleconte1o@google.cn,Le Conte,Garreth
fkeith1p@yelp.com,Keith,Faydra
edoughill1q@twitter.com,Doughill,Ethyl
dschubert1r@blog.com,Schubert,Dalenna
rfolomkin1s@ucoz.ru,Folomkin,Ruperta
hcaldero1t@homestead.com,Caldero,Hastie
grayman1u@wordpress.com,Rayman,Gamaliel
sspringle1v@mozilla.com,Springle,Sander
idanielsen1w@census.gov,Danielsen,Igor
mduester1x@imgur.com,Duester,Micki
agonzalo1y@home.pl,Gonzalo,Aubrey
schimenti1z@cloudflare.com,Chimenti,Steven
jbogart20@springer.com,Bogart,Jacquelin
otreen21@opensource.org,Treen,Oran
sspeere22@indiegogo.com,Speere,Scarlet
ogerren23@qq.com,Gerren,Orlan
vpraton24@indiatimes.com,Praton,Viola
asheeres25@oakley.com,Sheeres,Alberta
kmactavish26@unicef.org,MacTavish,Kellby
btunbridge27@ehow.com,Tunbridge,Barnabas
mroggerone28@jigsy.com,Roggerone,Mirabelle
mchoffin29@t-online.de,Choffin,Marietta
plivingstone2a@godaddy.com,Livingstone,Phillipe
jcrich2b@miibeian.gov.cn,Crich,Janeva
pmiranda2c@ebay.co.uk,Miranda,Patten
kbrabham2d@nbcnews.com,Brabham,Kati
rferrotti2e@mapy.cz,Ferrotti,Robyn
astair2f@oracle.com,Stair,Anestassia
lfahey2g@latimes.com,Fahey,Leonelle
gdumingos2h@vistaprint.com,Dumingos,Gar
cscintsbury2i@time.com,Scintsbury,Clem
bpeinke2j@indiatimes.com,Peinke,Bobbie
fcraythorne2k@uol.com.br,Craythorne,Faith
nbirtley2l@arizona.edu,Birtley,Nye
tsullly2m@yahoo.co.jp,Sullly,Tamarah
wstoves2n@pbs.org,Stoves,Waldo
dedland2o@ovh.net,Edland,Donnell
mcushworth2p@comsenz.com,Cushworth,Milly
bharrower2q@pen.io,Harrower,Butch
gbridgement2r@walmart.com,Bridgement,Guglielma
ryounghusband2s@delicious.com,Younghusband,Roch
cgaishson2t@booking.com,Gaishson,Cody
nclemmens2u@usnews.com,Clemmens,Niel
mstagge2v@mashable.com,Stagge,Maryanna
cfordy2w@youku.com,Fordy,Clementius
lladbrooke2x@sourceforge.net,Ladbrooke,Llewellyn
wstichall2y@ibm.com,Stichall,Wait
cwoodroof2z@tinypic.com,Woodroof,Catha
cklugman30@unesco.org,Klugman,Clem
sbuchanan31@yellowpages.com,Buchanan,Simonne
hbrookhouse32@histats.com,Brookhouse,Hollyanne
kguitte33@theguardian.com,Guitte,Karalee
lkirckman34@furl.net,Kirckman,Lauryn
rglison35@hud.gov,Glison,Riva
mohagan36@sfgate.com,O'Hagan,Monroe
tmanners37@mayoclinic.com,Manners,Tristam
faspinell38@wikispaces.com,Aspinell,Fredra
lbowskill39@princeton.edu,Bowskill,Loren
mdomnick3a@csmonitor.com,Domnick,Merrili
rmaybury3b@xinhuanet.com,Maybury,Roderigo
aaxelbee3c@yale.edu,Axelbee,Alysia
cstit3d@tiny.cc,Stit,Constancia
bscryne3e@nps.gov,Scryne,Berry
wcloonan3f@netscape.com,Cloonan,Winfield
aoborne3g@addtoany.com,O' Borne,Adan
bgiraudeau3h@tripod.com,Giraudeau,Bebe
tslowan3i@japanpost.jp,Slowan,Tasia
esextie3j@engadget.com,Sextie,Ephrayim
jrobel3k@answers.com,Robel,Joye
cbuggs3l@vistaprint.com,Buggs,Cassie
svial3m@ycombinator.com,Vial,Sophi
fcoling3n@csmonitor.com,Coling,Franny
elethby3o@simplemachines.org,Lethby,Emelen
hsandercock3p@posterous.com,Sandercock,Hart
epawlata3q@canalblog.com,Pawlata,Eldridge
cdamiata3r@discuz.net,Damiata,Chelsey
jdegoix3s@booking.com,Degoix,Jobina
abogey3t@ucoz.ru,Bogey,Axe
bbenediktsson3u@google.it,Benediktsson,Bettine
dlakey3v@kickstarter.com,Lakey,Darrell
mclemenza3w@etsy.com,Clemenza,Maxwell
ehastelow3x@ow.ly,Hastelow,Else
mtwinterman3y@biblegateway.com,Twinterman,Micaela
msorbey3z@aol.com,Sorbey,Marc
rallain40@reverbnation.com,Allain,Rufus
kpeiro41@webmd.com,Peiro,Kassey
vtrehearn42@patch.com,Trehearn,Val
wpenman43@parallels.com,Penman,Web
gstewart44@ox.ac.uk,Stewart,Gabriela
czuanazzi45@symantec.com,Zuanazzi,Claudius
chuccaby46@naver.com,Huccaby,Clark
jmckeney47@npr.org,McKeney,Jennine
kloram48@ehow.com,Loram,Kriste
ddemetz49@themeforest.net,De Metz,Dael
fwiggam4a@shinystat.com,Wiggam,Fern
jhowells4b@yahoo.co.jp,Howells,Jerrylee
hwallenger4c@bizjournals.com,Wallenger,Horace
ysinfield4d@businessinsider.com,Sinfield,Yves
dslayton4e@vimeo.com,Slayton,Donnajean
abrandolini4f@theguardian.com,Brandolini,Amelita
cpeggs4g@shinystat.com,Peggs,Cathlene
sbernaciak4h@ca.gov,Bernaciak,Shannen
dgreschke4i@google.nl,Greschke,Dniren
rgerard4j@cargocollective.com,Gerard,Rogers
nreeds4k@bluehost.com,Reeds,Normand
sgilbody4l@reverbnation.com,Gilbody,Shaylyn
jdable4m@chronoengine.com,Dable,Jorie
mlaxe4n@myspace.com,Laxe,Marquita
lcooling4o@about.com,Cooling,Leupold
gnorridge4p@macromedia.com,Norridge,Georg
zkielt4q@last.fm,Kielt,Zita
gwilkie4r@bizjournals.com,Wilkie,Gaston
casty4s@goodreads.com,Asty,Cally
lplomer4t@chronoengine.com,Plomer,Luis
kteasdale4u@lulu.com,Teasdale,Katinka
breubel4v@sfgate.com,Reubel,Burnard
zmaccaughey4w@uol.com.br,MacCaughey,Zak
rhuntriss4x@ftc.gov,Huntriss,Raquela
tvezey4y@last.fm,Vezey,Townie
zfriedman4z@ycombinator.com,Friedman,Zack
fonions50@about.me,O'Nions,Fredra
habramof51@photobucket.com,Abramof,Hadleigh
gfrancie52@netlog.com,Francie,Gilberto
pquiddington53@usnews.com,Quiddington,Peta
dscroggs54@prlog.org,Scroggs,Dietrich
smaskell55@reddit.com,Maskell,Serene
mnitto56@accuweather.com,Nitto,Madel
cbrixey57@google.cn,Brixey,Christos
sexley58@seattletimes.com,Exley,Selene
cpulhoster59@opensource.org,Pulhoster,Constantin
sgrahlmans5a@msn.com,Grahlmans,Stacey
wminogue5b@slideshare.net,Minogue,Weylin
sdalgliesh5c@opensource.org,Dalgliesh,Shurwood
slidstone5d@shareasale.com,Lidstone,Salli
jcomelli5e@lulu.com,Comelli,Jemima
rmartindale5f@gizmodo.com,Martindale,Rebe
wbuxton5g@eepurl.com,Buxton,Winnah
cheakey5h@reddit.com,Heakey,Corissa
dcaught5i@multiply.com,Caught,Darin
cbuessen5j@spiegel.de,Buessen,Collen
tshelsher5k@google.com,Shelsher,Teena
dcappineer5l@privacy.gov.au,Cappineer,Denna
vdawid5m@barnesandnoble.com,Dawid,Vida
iomahoney5n@cbslocal.com,O'Mahoney,Ingamar
jbursnoll5o@webs.com,Bursnoll,Jenelle
ynichols5p@twitpic.com,Nichols,Yelena
kcorringham5q@theatlantic.com,Corringham,Katharine
pgun5r@mozilla.org,Gun,Phillipe
ashowering5s@smugmug.com,Showering,Alanah
afigure5t@cocolog-nifty.com,Figure,Aldus
msultana5u@joomla.org,Sultana,Martie
afiney5v@nature.com,Finey,Allen
anewcomb5w@hatena.ne.jp,Newcomb,Antonia
aleist5x@simplemachines.org,Leist,Aldus
cloosley5y@sourceforge.net,Loosley,Consolata
dlacroix5z@kickstarter.com,Lacroix,Dev
tliquorish60@smugmug.com,Liquorish,Thayne
yschankelborg61@answers.com,Schankelborg,Yvonne
dshimman62@wikipedia.org,Shimman,Dania
cwormstone63@nbcnews.com,Wormstone,Carol-jean
jcreamer64@npr.org,Creamer,Joleen
fmartignoni65@fda.gov,Martignoni,Frans
nmaggorini66@house.gov,Maggorini,Nathanial
yshinner67@myspace.com,Shinner,Yetty
elathwell68@geocities.jp,Lathwell,Eddie
zdelavaletteparisot69@acquirethisname.com,de la Valette Parisot,Zorina
kbadrock6a@merriam-webster.com,Badrock,Kimmie
udehooge6b@rambler.ru,De Hooge,Ursala
vbasford6c@icio.us,Basford,Vinny
rzavattiero6d@accuweather.com,Zavattiero,Riva
dcorzor6e@mit.edu,Corzor,Diandra
ograyne6f@trellian.com,Grayne,Onofredo
cstudde6g@list-manage.com,Studde,Che
vzanazzi6h@mozilla.org,Zanazzi,Vin
eschwandt6i@1688.com,Schwandt,Esme
clinkie6j@unblog.fr,Linkie,Calv
ahainey6k@boston.com,Hainey,Aguste
kbromage6l@yahoo.com,Bromage,Kaja
rmoretto6m@sun.com,Moretto,Ramonda
aolivella6n@istockphoto.com,Olivella,Arlina
imagauran6o@mac.com,Magauran,Ivonne
ncockland6p@google.es,Cockland,Netta
wdegregoli6q@chronoengine.com,De Gregoli,Wyn
ttandy6r@dell.com,Tandy,Theo
apurcer6s@indiatimes.com,Purcer,Allys
kmoohan6t@unc.edu,Moohan,Krissy
rebden6u@wix.com,Ebden,Roanne
cfick6v@netvibes.com,Fick,Cristina
bmactrusty6w@forbes.com,MacTrusty,Belvia
hlassey6x@merriam-webster.com,Lassey,Hastings
vbingle6y@reference.com,Bingle,Valentino
sitzkovich6z@go.com,Itzkovich,Sebastian
vdevereux70@ehow.com,Devereux,Vida
cwickham71@netvibes.com,Wickham,Cleveland
itordiffe72@angelfire.com,Tordiffe,Issi
praistrick73@myspace.com,Raistrick,Page
nhardage74@japanpost.jp,Hardage,Nilson
rbeeke75@answers.com,Beeke,Rogerio
bpinock76@over-blog.com,Pinock,Brnaby
vschulkins77@bravesites.com,Schulkins,Vassily
lyatman78@jugem.jp,Yatman,Lamond
wnawton79@nature.com,Nawton,Wash
oamiable7a@illinois.edu,Amiable,Olenka
smilier7b@nasa.gov,Milier,Shaine
mfrantsev7c@bigcartel.com,Frantsev,Maire
rhupe7d@yale.edu,Hupe,Roman
tricardou7e@umn.edu,Ricardou,Tess
amorfey7f@furl.net,Morfey,Allissa
cgendrich7g@census.gov,Gendrich,Cathleen
cheaviside7h@hud.gov,Heaviside,Chandal
edevericks7i@clickbank.net,Devericks,Emerson
mjovicic7j@un.org,Jovicic,Mehetabel
egraine7k@yelp.com,Graine,Edeline
rwabe7l@foxnews.com,Wabe,Rica
mmullinder7m@spiegel.de,Mullinder,Missy
jkemmish7n@free.fr,Kemmish,Julie
areeman7o@cnn.com,Reeman,Anderson
jprendergrast7p@diigo.com,Prendergrast,Jesse
cboydle7q@apache.org,Boydle,Caryn
psipson7r@sciencedirect.com,Sipson,Patrizio
tfeldfisher7s@nifty.com,Feldfisher,Tedda
rshrive7t@domainmarket.com,Shrive,Roxie
csambles7u@flickr.com,Sambles,Cobbie
bkirman7v@ow.ly,Kirman,Brannon
ddowers7w@google.de,Dowers,Darcy
atredger7x@prnewswire.com,Tredger,Anallise
smacaskie7y@fastcompany.com,MacAskie,Salvador
scampa7z@marketwatch.com,Campa,Stephenie
bwickardt80@creativecommons.org,Wickardt,Bobby
kbodell81@weibo.com,Bodell,Konstantin
wcassels82@symantec.com,Cassels,Wallie
gdanigel83@hostgator.com,Danigel,Grazia
bpostin84@sciencedaily.com,Postin,Bendicty
efonteyne85@hc360.com,Fonteyne,Enrika
dblundin86@smugmug.com,Blundin,Domingo
smartynikhin87@usnews.com,Martynikhin,Stewart
kmocquer88@chronoengine.com,Mocquer,Katerina
fgoddard89@smugmug.com,Goddard,Frank
tpeachment8a@hexun.com,Peachment,Turner
rbound8b@amazonaws.com,Bound,Raychel
aseydlitz8c@geocities.com,Seydlitz,Anderson
mmaton8d@upenn.edu,Maton,Missie
cjeremaes8e@indiatimes.com,Jeremaes,Corry
cdumsday8f@harvard.edu,Dumsday,Charleen
ckellett8g@ask.com,Kellett,Calli
bragbourne8h@wix.com,Ragbourne,Beverie
epurdey8i@geocities.com,Purdey,Eileen
atowe8j@live.com,Towe,Amabelle
clandsman8k@pcworld.com,Landsman,Curr
aprivost8l@booking.com,Privost,Arnie
mknappen8m@timesonline.co.uk,Knappen,Marje
rextence8n@jalbum.net,Extence,Rubin
lvsanelli8o@ucoz.com,Vsanelli,Libbie
mlissandrini8p@unc.edu,Lissandrini,Mose
ashipp8q@w3.org,Shipp,Alexis
lcapron8r@google.pl,Capron,Lana
ahallin8s@topsy.com,Hallin,Ardine
cgrimstead8t@dell.com,Grimstead,Con
dhuxtable8u@businessinsider.com,Huxtable,Dinny
mhedgecock8v@globo.com,Hedgecock,Moise
bfremantle8w@acquirethisname.com,Fremantle,Blayne
nandryushchenko8x@upenn.edu,Andryushchenko,Nikaniki
tmegarrell8y@vkontakte.ru,Megarrell,Tressa
ftyres8z@imageshack.us,Tyres,Fanchette
agozzard90@google.ca,Gozzard,Augustus
ikampshell91@geocities.com,Kampshell,Ikey
jharriskine92@t.co,Harriskine,Juliane
ogonoude93@forbes.com,Gonoude,Ogdan
emichie94@miitbeian.gov.cn,Michie,Erica
ftrent95@ovh.net,Trent,Floria
klillford96@skype.com,Lillford,Kaela
smcmennum97@redcross.org,McMennum,Sherman
tatrill98@disqus.com,Atrill,Temp
hboken99@t-online.de,Boken,Hermann
tgiurio9a@sciencedaily.com,Giurio,Teresina
mtitheridge9b@bloglovin.com,Titheridge,Marris
wlegion9c@harvard.edu,Legion,Welsh
oolivetta9d@globo.com,Olivetta,Olin
mpeckitt9e@yellowpages.com,Peckitt,Malynda
bbowe9f@multiply.com,Bowe,Byran
kwinsiowiecki9g@smh.com.au,Winsiowiecki,Kirbee
tcassella9h@china.com.cn,Cassella,Tristam
rpakes9i@wordpress.com,Pakes,Reube
wtyer9j@skyrock.com,Tyer,Webb
cratcliff9k@squarespace.com,Ratcliff,Corenda
mlinebarger9l@behance.net,Linebarger,Mordecai
broylance9m@aboutads.info,Roylance,Bethena
gchecketts9n@house.gov,Checketts,Garnet
fkitchenside9o@walmart.com,Kitchenside,Fallon
ldufore9p@java.com,Dufore,Lucinda
crutigliano9q@discovery.com,Rutigliano,Catarina
ewooldridge9r@wikia.com,Wooldridge,Elsworth
uwarrington9s@prlog.org,Warrington,Ursala
hhagart9t@mozilla.org,Hagart,Hagan
ddrane9u@histats.com,Drane,Devland
gpitceathly9v@bigcartel.com,Pitceathly,Goldarina
cspensly9w@spotify.com,Spensly,Callie
rpatient9x@tripod.com,Patient,Rooney
mruos9y@example.com,Ruos,Marcel
abees9z@scribd.com,Bees,Alford
becha0@de.vu,Ech,Bunni
ptschiraschea1@lycos.com,Tschirasche,Penny
jwinfindalea2@weather.com,Winfindale,Julia
imatfielda3@seattletimes.com,Matfield,Irvin
drockhilla4@squarespace.com,Rockhill,Dur
jgarriea5@dyndns.org,Garrie,Janenna
tbrittaina6@princeton.edu,Brittain,Theressa
bskerma7@unblog.fr,Skerm,Bunni
cgascoyena8@nih.gov,Gascoyen,Carlyle
bpullina9@comcast.net,Pullin,Brenn
amuslimaa@bluehost.com,Muslim,Alair
mloxdaleab@qq.com,Loxdale,Midge
fcolafateac@alexa.com,Colafate,Forest
jbeldenad@nasa.gov,Belden,Juliet
bbuttenae@etsy.com,Butten,Bambi
aholsonaf@ucoz.com,Holson,Audy
ydoylendag@phoca.cz,Doylend,Yorke
dslayfordah@cocolog-nifty.com,Slayford,Dario
scasboltai@prweb.com,Casbolt,Sibbie
bsciacovelliaj@youku.com,Sciacovelli,Bernetta
mcoltonak@fastcompany.com,Colton,Micheal
ebrayleyal@mapy.cz,Brayley,Elsy
ewilldenam@geocities.jp,Willden,Emmery
psimkovitzan@issuu.com,Simkovitz,Putnam
ngilbyao@cbsnews.com,Gilby,Ninon
kscrannageap@vinaora.com,Scrannage,Kariotta
aradbandaq@youku.com,Radband,Aubine
bdeknevetar@sciencedirect.com,deKnevet,Burgess
mmanshawas@last.fm,Manshaw,Mychal
hvidgeonat@state.gov,Vidgeon,Hasty
mleathesau@friendfeed.com,Leathes,Marrissa
bstiveyav@narod.ru,Stivey,Blake
tgarnettaw@dell.com,Garnett,Tawsha
rdevaarax@sfgate.com,De Vaar,Robinet
jferroay@sina.com.cn,Ferro,Jordan
rnijsaz@facebook.com,Nijs,Roz
jcoleyshawb0@weibo.com,Coleyshaw,Johan
atarttb1@wikipedia.org,Tartt,Audrye
abeazleighb2@tumblr.com,Beazleigh,Alexine
aallewayb3@elegantthemes.com,Alleway,Aland
ssutorb4@artisteer.com,Sutor,Spence
rindeb5@fema.gov,Inde,Robenia
peschelleb6@sohu.com,Eschelle,Parry
bskuresb7@aboutads.info,Skures,Breena
caudissb8@nydailynews.com,Audiss,Corinne
vgrushinb9@youku.com,Grushin,Verney
ngoodwinba@sun.com,Goodwin,Neddie
dfernebb@opensource.org,Ferne,Doy
rlongstreetbc@japanpost.jp,Longstreet,Rochette
epersebd@businessweek.com,Perse,Edwin
kporcasbe@livejournal.com,Porcas,Kym
sseabrightbf@yahoo.com,Seabright,Shannah
ckarpebg@latimes.com,Karpe,Cherise
nblestbh@github.com,Blest,Nelle
rmeadersbi@dagondesign.com,Meaders,Rolf
nwarbysbj@nbcnews.com,Warbys,Nicholas
msecretanbk@usa.gov,Secretan,Mitch
mlakerbl@soup.io,Laker,Marten
apauloubm@soup.io,Paulou,Artemus
kdroganbn@artisteer.com,Drogan,Kaylyn
lmechanbo@umich.edu,Mechan,Lindon
swenningtonbp@dion.ne.jp,Wennington,Shep
ekliemkebq@google.pl,Kliemke,Eamon
afostersmithbr@spotify.com,Foster-Smith,Antoni
gstendellbs@hatena.ne.jp,Stendell,Gwynne
asadgrovebt@typepad.com,Sadgrove,Alexandro
spepibu@sfgate.com,Pepi,Sidoney
cpickrillbv@delicious.com,Pickrill,Chrissy
aastleybw@imgur.com,Astley,Alex
gclashebx@edublogs.org,Clashe,Guinevere
mpearby@mediafire.com,Pear,Magda
gpeepallbz@freewebs.com,Peepall,Gavrielle
arannaldc0@prweb.com,Rannald,Aleen
gbazellc1@webeden.co.uk,Bazell,Gabbie
pgossanc2@disqus.com,Gossan,Parke
bnutonc3@foxnews.com,Nuton,Boycey
jmolderc4@trellian.com,Molder,Jeno
lwinyardc5@spiegel.de,Winyard,Langston
bcouchmanc6@simplemachines.org,Couchman,Brianna
lbaxstarc7@umn.edu,Baxstar,Levin
bbrenstuhlc8@rediff.com,Brenstuhl,Benoit
tlangloisc9@google.cn,Langlois,Thalia
scourtonneca@npr.org,Courtonne,Sindee
dmacquarriecb@phoca.cz,MacQuarrie,Donall
btuecc@flickr.com,Tue,Bobinette
astrattencd@fotki.com,Stratten,Ayn
dsomesce@shareasale.com,Somes,Darby
thickenbottomcf@wsj.com,Hickenbottom,Trudi
pfigliovannicg@purevolume.com,Figliovanni,Piotr
kapplefordch@odnoklassniki.ru,Appleford,Kayle
abrockieci@reference.com,Brockie,Alfonse
nbarnfieldcj@china.com.cn,Barnfield,Nannie
msomerfieldck@ezinearticles.com,Somerfield,Marielle
kpinarecl@apple.com,Pinare,Katleen
jbonniercm@sfgate.com,Bonnier,Judie
rerswellcn@gizmodo.com,Erswell,Rosalind
alebarreeco@webeden.co.uk,Lebarree,Alard
mbrostercp@chron.com,Broster,Maud
jdalbycq@booking.com,Dalby,Jeanine
csnelgarcr@meetup.com,Snelgar,Cosme
hwelbrockcs@networkadvertising.org,Welbrock,Haley
scosstickct@skyrock.com,Cosstick,Shelby
jsmullincu@lulu.com,Smullin,Jaquenette
ymitroviccv@google.cn,Mitrovic,Ynez
ztompkinsoncw@yelp.com,Tompkinson,Zacharia
dsheacx@bing.com,Shea,Danette
fhoutbiecy@prlog.org,Houtbie,Francisca
tlummcz@amazon.de,Lumm,Tamiko
amatesd0@opensource.org,Mates,Athena
jsegged1@networkadvertising.org,Segge,Joelie
bmactrustamd2@ezinearticles.com,MacTrustam,Barnaby
rstobbsd3@qq.com,Stobbs,Rob
sbunclarkd4@reddit.com,Bunclark,Suzanne
bgluyusd5@ox.ac.uk,Gluyus,Bjorn
carmelld6@samsung.com,Armell,Clari
bwatkinsd7@wisc.edu,Watkins,Barry
mzottolid8@dyndns.org,Zottoli,Mickie
nlenehamd9@weather.com,Leneham,Nan
mmoizerda@examiner.com,Moizer,Man
tklinckdb@is.gd,Klinck,Teresina
rolufsendc@intel.com,Olufsen,Rickard
fweinsdd@slashdot.org,Weins,Filmer
abartolaccide@merriam-webster.com,Bartolacci,Aliza
mpecholddf@g.co,Pechold,Margot
etaskerdg@ustream.tv,Tasker,Ellissa
hmardledh@shutterfly.com,Mardle,Halsey
mmccanedi@yellowbook.com,McCane,Miof mela
straskdj@webmd.com,Trask,Sharlene
mbirkbydk@amazon.com,Birkby,Magnum
swinklessdl@scientificamerican.com,Winkless,Stanwood
gleiferdm@zdnet.com,Leifer,Gregg
etongdn@eventbrite.com,Tong,Emilie
ptongedo@state.tx.us,Tonge,Pyotr
llippingwelldp@csmonitor.com,Lippingwell,Lorianne
pargerdq@geocities.com,Arger,Pen
lpretiousdr@bbc.co.uk,Pretious,Lyndell
ktamplinds@cbslocal.com,Tamplin,Kin
jfassbenderdt@people.com.cn,Fassbender,Janos
lrosonedu@cnet.com,Rosone,Lotti
btribbeckdv@fc2.com,Tribbeck,Britte
rcosgriffdw@who.int,Cosgriff,Rriocard
dmattacksdx@reference.com,Mattacks,Davey
pfattorinidy@disqus.com,Fattorini,Paolina
pbarwelldz@unicef.org,Barwell,Philip
obreae0@google.es,Brea,Orella
iriolfoe1@aboutads.info,Riolfo,Inglebert
davise2@t.co,Avis,Dody
emaindse3@cornell.edu,Mainds,Easter
fgwinnelle4@aol.com,Gwinnell,Franky
tworsleye5@meetup.com,Worsley,Taite
idellare6@geocities.jp,Dellar,Inger
hhallore7@sciencedirect.com,Hallor,Hulda
kgahagane8@wired.com,Gahagan,Koressa
mitzchakie9@mozilla.org,Itzchaki,Mufi
bpidduckea@aboutads.info,Pidduck,Bobby
hdagostinoeb@yandex.ru,D'Agostino,Hogan
dmeenehanec@youtube.com,Meenehan,Dieter
ndenzeyed@instagram.com,Denzey,Nettie
bsivillee@ebay.com,Sivill,Byrom
twynnef@cyberchimps.com,Wynn,Tony
cbackmaneg@networkadvertising.org,Backman,Calv
cjanssenseh@vkontakte.ru,Janssens,Crawford
jjantotei@merriam-webster.com,Jantot,Jaclyn
tfinderej@cdbaby.com,Finder,Tiffani
cmabbotek@cbc.ca,Mabbot,Cherilynn
bwarhurstel@economist.com,Warhurst,Bud
elambertoem@t-online.de,Lamberto,Eve
cmartellinien@bing.com,Martellini,Cesar
adabrowskieo@hp.com,Dabrowski,Audre
wmckagep@slideshare.net,McKag,Wynne
jfaircliffeq@merriam-webster.com,Faircliff,Johnna
ahogganer@posterous.com,Hoggan,Anjela
mmulvennaes@answers.com,Mulvenna,Myrta
jtaddet@myspace.com,Tadd,Julita
lmallinareu@technorati.com,Mallinar,Lucienne
bmillthorpeev@state.gov,Millthorpe,Brandais
igerkensew@disqus.com,Gerkens,Ichabod
dslideex@spotify.com,Slide,Drucill
hchittendeney@ucla.edu,Chittenden,Hattie
fekellez@smugmug.com,Ekell,Florrie
ftomovicf0@microsoft.com,Tomovic,Fayette
kgunsonf1@army.mil,Gunson,Karee
mwitchallsf2@vimeo.com,Witchalls,Maureen
ffearf3@google.cn,Fear,Florina
dmacalasterf4@sogou.com,MacAlaster,Devina
mcloutf5@ihg.com,Clout,Missy
tstidstonf6@shop-pro.jp,Stidston,Tull
dhubf7@fda.gov,Hub,Durand
jshakesbyef8@mysql.com,Shakesbye,Joey
mvanderbrugf9@amazon.co.uk,Van der Brug,Moises
ecatofa@unesco.org,Cato,Ervin
ggowrichfb@who.int,Gowrich,Giuditta
tlarrawayfc@patch.com,Larraway,Therine
ssecretfd@unesco.org,Secret,Sioux
vtidburyfe@nih.gov,Tidbury,Valle
mpachtff@economist.com,Pacht,Megan
blonginafg@google.com,Longina,Blair
aharrimanfh@google.it,Harriman,Alwin
gmalenoirfi@tmall.com,Malenoir,Gottfried
dthireaufj@go.com,Thireau,Donny
hsergeanfk@hp.com,Sergean,Herc
tglenwrightfl@samsung.com,Glenwright,Tallou
cabsonfm@bloglines.com,Abson,Caty
ewybernfn@smugmug.com,Wybern,Elvin
lflettfo@hud.gov,Flett,Lucho
gfludgatefp@slate.com,Fludgate,Ginny
rscophamfq@springer.com,Scopham,Raphaela
lalesinfr@msn.com,Alesin,Loren
dfishendenfs@bing.com,Fishenden,Dunn
ibaggottft@wordpress.org,Baggott,Ilsa
gbeldhamfu@gmpg.org,Beldham,Garrard
rborhamfv@google.co.uk,Borham,Ruthann
opiotrkowskifw@ustream.tv,Piotrkowski,Orrin
ybrogginifx@lycos.com,Broggini,Ynez
cmerrienfy@dmoz.org,Merrien,Cathryn
ggeogheganfz@guardian.co.uk,Geoghegan,Gisela
aruddlesdeng0@abc.net.au,Ruddlesden,Andrey
hlebretondelavieuvilleg1@nymag.com,Le Breton De La Vieuville,Husain
bbouchg2@creativecommons.org,Bouch,Bat
iferng3@ezinearticles.com,Fern,Inga
jcocklieg4@imgur.com,Cocklie,Jilli
jcalvertg5@ebay.co.uk,Calvert,Jobye
ghickfordg6@xing.com,Hickford,Gan
wchaseng7@trellian.com,Chasen,Webb
nboydg8@washington.edu,Boyd,Nigel
bcrosierg9@acquirethisname.com,Crosier,Brook
wstuchburiega@tamu.edu,Stuchburie,Wini
rweekgb@yellowbook.com,Week,Rowe
fwhykegc@gizmodo.com,Whyke,Fonzie
lholtongd@hud.gov,Holton,Lavena
bkeepege@prweb.com,Keepe,Brianna
awycherleygf@prnewswire.com,Wycherley,Anne-corinne
rgraveygg@hibu.com,Gravey,Reinhold
agutsellgh@mit.edu,Gutsell,Alvira
mkasmangi@msn.com,Kasman,Morganne
lleifergj@discuz.net,Leifer,Lorenzo
jgaythorgk@theglobeandmail.com,Gaythor,Jorry
crustongl@opera.com,Ruston,Clementine
cdaykingm@fc2.com,Daykin,Clo
ythatchamgn@gravatar.com,Thatcham,Yevette
mcharsleygo@vk.com,Charsley,Marve
ocloutegp@lycos.com,Cloute,Opal
smcvicargq@pinterest.com,McVicar,Sadie
vtolhurstgr@nhs.uk,Tolhurst,Vivie
wridgegs@va.gov,Ridge,West
ashurygt@hubpages.com,Shury,Almeda
aerswellgu@techcrunch.com,Erswell,Abdel
ahowegv@1688.com,Howe,Auberta
cwavellgw@ox.ac.uk,Wavell,Corrinne
canwylgx@parallels.com,Anwyl,Creight
sharesigngy@berkeley.edu,Haresign,Stan
slorimergz@51.la,Lorimer,Shelly
lhawkwoodh0@wisc.edu,Hawkwood,Logan
ebirdwistleh1@patch.com,Birdwistle,Eduard
ispelmanh2@bing.com,Spelman,Ivan
nskotcherh3@blog.com,Skotcher,Neysa
gwattingh4@histats.com,Watting,Granger
jdanbih5@smh.com.au,Danbi,Jolynn
fdeeslyh6@themeforest.net,Deesly,Fanny
nkellyh7@godaddy.com,Kelly,Nester
cjosifovitzh8@deviantart.com,Josifovitz,Chelsey
lmckelveyh9@booking.com,McKelvey,Lurline
thedylstoneha@wordpress.org,Hedylstone,Terri
kluttgerhb@miibeian.gov.cn,Luttger,Katusha
fcreenanhc@mlb.com,Creenan,Frants
rharcourthd@moonfruit.com,Harcourt,Renata
iandrzejhe@europa.eu,Andrzej,Ignazio
blidsterhf@skyrock.com,Lidster,Bucky
tyerletthg@bizjournals.com,Yerlett,Trevor
jtreherhh@i2i.jp,Treher,Jakob
alanchberyhi@state.gov,Lanchbery,Addia
ehubhj@nhs.uk,Hub,Elia
jallicockhk@bbb.org,Allicock,Jillane
mloyhl@google.pl,Loy,Maybelle
depletthm@moonfruit.com,Eplett,Darci
jlinskillhn@altervista.org,Linskill,Judi
mtesauroho@harvard.edu,Tesauro,Merrielle
ccicconettihp@marketwatch.com,Cicconetti,Christabel
rlyfieldhq@cbslocal.com,Lyfield,Rolfe
agaberhr@ebay.com,Gaber,Ameline
lkennyhs@telegraph.co.uk,Kenny,Lyell
sdicksht@sakura.ne.jp,Dicks,Serge
cgilbeyhu@nih.gov,Gilbey,Cindelyn
ecarruthershv@smh.com.au,Carruthers,Erl
wpalatinohw@t.co,Palatino,Wynny
ieddenhx@abc.net.au,Edden,Ivory
ekohrdinghy@howstuffworks.com,Kohrding,Elroy
iflemynghz@123-reg.co.uk,Flemyng,Isahella
rmintoi0@wordpress.org,Minto,Rodolph
ebilslandi1@independent.co.uk,Bilsland,Esmeralda
dbimrosei2@w3.org,Bimrose,Drucie
teusdeni3@4shared.com,Eusden,Thebault
capplei4@toplist.cz,Apple,Conny
ksarginti5@smh.com.au,Sargint,Karlan
dbennedseni6@deviantart.com,Bennedsen,Davie
scornelsi7@toplist.cz,Cornels,Sukey
fmcgerraghtyi8@imgur.com,McGerraghty,Filmore
parrelli9@wunderground.com,Arrell,Peggy
jhowleria@nhs.uk,Howler,Jeralee
gnissleib@hexun.com,Nissle,Gertrudis
ewabeic@studiopress.com,Wabe,Edwina
babatelliid@comcast.net,Abatelli,Baudoin
kkaiserie@is.gd,Kaiser,Kathe
truskinif@utexas.edu,Ruskin,Tildi
msallissig@naver.com,Salliss,Morgen
amorebyih@home.pl,Moreby,Aurelea
rteligaii@blogs.com,Teliga,Reamonn
mhickinij@barnesandnoble.com,Hickin,Misty
ccuppittik@weebly.com,Cuppitt,Carlin
jbjerkanil@hud.gov,Bjerkan,Jefferey
gmugglestoneim@de.vu,Mugglestone,Grant
acallwayin@techcrunch.com,Callway,Arlina
tbereclothio@springer.com,Berecloth,Trenna
eburgessip@issuu.com,Burgess,Evie
coculleniq@eepurl.com,O'Cullen,Carolee
bcurrinir@usnews.com,Currin,Brittany
lcastanhois@smugmug.com,Castanho,Lyndel
jmellorit@loc.gov,Mellor,Joya
jdutnalliu@sfgate.com,Dutnall,Jacklin
hgumbyiv@businesswire.com,Gumby,Hollie
jsedgemondiw@prlog.org,Sedgemond,Junette
bwiganix@europa.eu,Wigan,Bernelle
atimmensiy@mtv.com,Timmens,Abraham
fainsworthiz@google.de,Ainsworth,Ferris
ltreadwayj0@wix.com,Treadway,Lorna
rfibbensj1@mediafire.com,Fibbens,Rochester
ccurbishleyj2@edublogs.org,Curbishley,Carolann
cgrimblej3@imgur.com,Grimble,Cliff
kearingeyj4@com.com,Earingey,Kiele
lkingsleyj5@aboutads.info,Kingsley,Lyndy
bcaitlinj6@apple.com,Caitlin,Bartolemo
ssteinhamj7@engadget.com,Steinham,Steward
stampinj8@vk.com,Tampin,Sharla
jellsej9@auda.org.au,Ellse,Jewel
cdavleyja@google.nl,Davley,Clemmie
dmulqueenyjb@dyndns.org,Mulqueeny,Dolley
mbergejc@woothemes.com,Berge,Moise
mcustjd@cocolog-nifty.com,Cust,Maryellen
mpargiterje@answers.com,Pargiter,Meir
npancostjf@macromedia.com,Pancost,Nichol
csurmonjg@cocolog-nifty.com,Surmon,Cele
fhabbijamjh@elegantthemes.com,Habbijam,Francklyn
krogersonji@last.fm,Rogerson,Kenn
jkertessjj@microsoft.com,Kertess,Jennine
nrudmanjk@ibm.com,Rudman,Nicholle
wghiraldijl@wp.com,Ghiraldi,Wait
cdomenichellijm@canalblog.com,Domenichelli,Carmine
gsterrickjn@amazon.co.jp,Sterrick,Gwenni
bnearyjo@ocn.ne.jp,Neary,Byran
jdickerjp@altervista.org,Dicker,Jammie
cgilcristjq@scientificamerican.com,Gilcrist,Calv
fgloverjr@macromedia.com,Glover,Ferd
kkingtonjs@webs.com,Kington,Kelsey
lschlaghjt@freewebs.com,Schlagh,Lowrance
mjankovicju@goo.gl,Jankovic,Mella
dpuddenjv@google.com.br,Pudden,Deane
lwindrossjw@phoca.cz,Windross,Lion
dkinzejx@clickbank.net,Kinze,Darb
tzaplejy@feedburner.com,Zaple,Therine
lmacgormanjz@miitbeian.gov.cn,MacGorman,Lilla
wfeyerk0@unesco.org,Feyer,Wayne
sfrancaisk1@feedburner.com,Francais,Sebastien
yblandamorek2@tripadvisor.com,Blandamore,Yuma
hwoollandk3@loc.gov,Woolland,Herta
htiltek4@ed.gov,Tilte,Hailey
dcraufurdk5@fema.gov,Craufurd,Donia
scheyneyk6@xing.com,Cheyney,Shana
kdmitrovick7@cafepress.com,Dmitrovic,Kira
ggrahamslawk8@tinyurl.com,Grahamslaw,Gun
cparadesk9@furl.net,Parades,Clerc
lsteptoweka@joomla.org,Steptowe,Latrena
dashkb@discuz.net,Ash,Darline
jdelacroixkc@nydailynews.com,Delacroix,Jerri
jraviluskd@livejournal.com,Ravilus,Jemmie
dcudbirdke@hhs.gov,Cudbird,Dill
dlarosakf@state.gov,La Rosa,Donni
fsokalekg@upenn.edu,Sokale,Foss
lmougenelkh@nationalgeographic.com,Mougenel,Lora
xhenfreki@soup.io,Henfre,Xenos
ljurnkj@arizona.edu,Jurn,Lanae
dellingfordkk@vkontakte.ru,Ellingford,Donni
jcamplejohnkl@barnesandnoble.com,Camplejohn,Justina
gplummkm@harvard.edu,Plumm,Gregor
cgimberkn@scribd.com,Gimber,Ceil
gweatherallko@bluehost.com,Weatherall,Gasparo
mjeanskp@over-blog.com,Jeans,Margarethe
mstelfaxkq@deviantart.com,Stelfax,Marillin
kolyffkr@sphinn.com,Olyff,Kittie
pnettiks@delicious.com,Netti,Petronia
klandonkt@aboutads.info,Landon,Kenton
dpreshoku@photobucket.com,Presho,Dona
aleatherkv@dedecms.com,Leather,Ailis
npocknollkw@biblegateway.com,Pocknoll,Nealson
fmartinkx@icq.com,Martin,Fransisco
jthackhamky@nytimes.com,Thackham,Jonah
fitzakkz@example.com,Itzak,Frazer
shorleyl0@altervista.org,Horley,Sarette
jvaunel1@nps.gov,Vaune,Janina
mvedenyapinl2@hubpages.com,Vedenyapin,Melisent
qbramblel3@barnesandnoble.com,Bramble,Quinn
lblewisl4@examiner.com,Blewis,Lindsy
fshipwayl5@cbc.ca,Shipway,Friedrich
ublowfieldl6@pbs.org,Blowfield,Upton
abeedoml7@ezinearticles.com,Beedom,Allen
ethomkel8@google.com.au,Thomke,Emlynne
wjorgensenl9@economist.com,Jorgensen,Willie
kbyarsla@techcrunch.com,Byars,Krisha
npoutonlb@state.gov,Pouton,Nickie
grickerlc@rakuten.co.jp,Ricker,Gaston
dspanswickld@cbsnews.com,Spanswick,Delmer
amcclellandle@studiopress.com,McClelland,Antonetta
mharteganlf@dot.gov,Hartegan,Margarette
vjoblinlg@privacy.gov.au,Joblin,Veronika
ddunsterlh@google.pl,Dunster,Delphine
abramichli@toplist.cz,Bramich,Alexandra
cbruggerlj@newyorker.com,Brugger,Cordy
nkingsleylk@wunderground.com,Kingsley,Nanette
skopecll@icio.us,Kopec,Sauncho
cmcmechanlm@nasa.gov,Mc Mechan,Carroll
kdeshortsln@seesaa.net,Deshorts,Kain
lmcbreartylo@mapquest.com,McBrearty,Lilli
flangsburylp@lulu.com,Langsbury,Farica
npalffreylq@hp.com,Palffrey,Neill
rhiscockslr@who.int,Hiscocks,Rossie
egatemanls@chron.com,Gateman,Emyle
mbeatenslt@clickbank.net,Beatens,Milicent
atellenbrooklu@fastcompany.com,Tellenbrook,Anatole
mpurtonlv@merriam-webster.com,Purton,Mirilla
jjentinlw@wikipedia.org,Jentin,Joell
holijvelx@cdbaby.com,Olijve,Hamilton
ljacoxly@seesaa.net,Jacox,Lane
afishleighlz@sbwire.com,Fishleigh,Alena
bwillertonm0@uol.com.br,Willerton,Betsy
jlehmannm1@wp.com,Lehmann,Jannelle
kinglefieldm2@oakley.com,Inglefield,Koressa
qwarnerm3@angelfire.com,Warner,Quintana
prentilllm4@toplist.cz,Rentilll,Pansie
wblinkhornm5@google.com.hk,Blinkhorn,Waldo
nrouthamm6@friendfeed.com,Routham,Normie
mgrouvelm7@ebay.co.uk,Grouvel,Meggie
gboxenm8@goo.gl,Boxen,Gertrude
lmeiklemm9@bandcamp.com,Meiklem,Leonelle
kgrzegorzewiczma@msn.com,Grzegorzewicz,Katrina
tpetworthmb@npr.org,Petworth,Tull
wfettismc@hubpages.com,Fettis,Wolfgang
msavorymd@nasa.gov,Savory,Marillin
pmerryme@xing.com,Merry,Petey
mfancuttmf@behance.net,Fancutt,Massimiliano
bshillabeermg@live.com,Shillabeer,Berton
mgullandmh@icio.us,Gulland,Micheil
amahermi@tripod.com,Maher,Abbye
labbesmj@npr.org,Abbes,Laure
wmorinmk@webeden.co.uk,Morin,Wendell
egeorgeouml@marriott.com,Georgeou,Erina
pexpositomm@cocolog-nifty.com,Exposito,Page
pgoskermn@goo.ne.jp,Gosker,Pennie
tglavemo@vkontakte.ru,Glave,Talyah
tkinlochmp@ft.com,Kinloch,Talyah
cbrosettimq@businesswire.com,Brosetti,Constantino
htrehearnemr@wikipedia.org,Trehearne,Harriott
bleffekms@hc360.com,Leffek,Bjorn
epettegreemt@adobe.com,Pettegree,Edik
sreasunmu@pagesperso-orange.fr,Reasun,Stillmann
bshmyrmv@a8.net,Shmyr,Beryle
ssimenotmw@chicagotribune.com,Simenot,Sherman
baltimasmx@google.fr,Altimas,Barbara-anne
mgallyhaockmy@newsvine.com,Gallyhaock,Myrvyn
pbartellimz@pen.io,Bartelli,Phyllis
mmaynardn0@angelfire.com,Maynard,Meredithe
ayoulesn1@google.ru,Youles,Ashely
csieurn2@timesonline.co.uk,Sieur,Chlo
oaulettan3@china.com.cn,Auletta,Osbourn
gmillandn4@friendfeed.com,Milland,Gifford
dhenrikssonn5@google.co.jp,Henriksson,Devin
eboomn6@mysql.com,Boom,Evelyn
nhonschn7@simplemachines.org,Honsch,Nathalia
slainn8@businessweek.com,Lain,Shanda
sthistletonn9@unesco.org,Thistleton,Sig
hpargetterna@dedecms.com,Pargetter,Hali
dsolesnb@elpais.com,Soles,Domingo
mspatignc@seattletimes.com,Spatig,Marlie
erishmannd@networkadvertising.org,Rishman,Ebeneser
rwemmne@php.net,Wemm,Rana
dchevinnf@is.gd,Chevin,Di
nblakerng@dailymail.co.uk,Blaker,Noami
gthomassennh@addthis.com,Thomassen,Gerianna
dallibanni@mac.com,Alliban,Doralynne
hbaynsnj@mtv.com,Bayns,Harwilll
bstobartnk@google.nl,Stobart,Bess
cbrimleynl@about.com,Brimley,Carilyn
nthomkinsnm@is.gd,Thomkins,Norene
mbaudichonnn@purevolume.com,Baudichon,Melina
mwabeno@php.net,Wabe,Melisandra
mjammesnp@1688.com,Jammes,Midge
chuddlestonnq@weibo.com,Huddleston,Cammy
ogosenellnr@tiny.cc,Gosenell,Oberon
rwinearns@pen.io,Winear,Rosamund
gmatschossnt@blogtalkradio.com,Matschoss,Gonzales
jvidineevnu@independent.co.uk,Vidineev,Jacquelin
sleemingnv@imageshack.us,Leeming,Shepherd
fdohrmannnw@jimdo.com,Dohrmann,Freddie
rgarzanx@sfgate.com,Garza,Read
dleteurtreny@wikipedia.org,Leteurtre,Durward
csmitherhamnz@freewebs.com,Smitherham,Chico
mramardo0@pen.io,Ramard,Meaghan
cmockfordo1@xing.com,Mockford,Chickie
wavrasino2@shutterfly.com,Avrasin,Wendel
sureno3@samsung.com,Uren,Skipp
rminstero4@mozilla.org,Minster,Rosette
vtreato5@about.me,Treat,Vincents
mjersono6@indiegogo.com,Jerson,Marlow
kseverwrighto7@princeton.edu,Severwright,Katina
ahartuso8@latimes.com,Hartus,Armand
afoyo9@cargocollective.com,Foy,Annis
sdivineoa@virginia.edu,Divine,Sigismondo
mdomoneyob@w3.org,Domoney,Mavis
korringoc@prlog.org,Orring,Kelly
khandasideod@goo.gl,Handaside,Kyle
athewsoe@lulu.com,Thews,Allister
cfeverof@ovh.net,Fever,Carter
bgrutog@ow.ly,Grut,Bertram
kkockoh@mozilla.com,Kock,Kimberlyn
nchampleyoi@eepurl.com,Champley,Nerte
rgiamellioj@wp.com,Giamelli,Raquel
cdeathok@msu.edu,Death,Cynthea
rreochol@dagondesign.com,Reoch,Rozella
rfetherstonhaughom@nytimes.com,Fetherstonhaugh,Roth
kclearon@engadget.com,Clear,Kelsey
gbreaoo@ezinearticles.com,Brea,Griff
nhucknallop@utexas.edu,Hucknall,Nikolas
vvailoq@diigo.com,Vail,Val
tdodsworthor@hugedomains.com,Dodsworth,Teri
sglackinos@blogger.com,Glackin,Saidee
asmealot@oaic.gov.au,Smeal,Aime
emottershawou@sina.com.cn,Mottershaw,Ezechiel
rfurmanov@cbsnews.com,Furman,Ralph
plentow@answers.com,Lent,Phyllida
iyabsleyox@irs.gov,Yabsley,Irv
gbeddinghamoy@engadget.com,Beddingham,Gothart
eendoz@un.org,End,Eduard
scohanep0@stanford.edu,Cohane,Sibilla
omarielp1@whitehouse.gov,Mariel,Orin
xtrusep2@zimbio.com,Truse,Xavier
tbernlinp3@jalbum.net,Bernlin,Trstram
kalbanp4@huffingtonpost.com,Alban,Kitty
dniasp5@devhub.com,Nias,Dolli
ehuffp6@meetup.com,Huff,Eleanor
foransp7@topsy.com,Orans,Fernanda
akemep8@dyndns.org,Keme,Ada
ohannyp9@craigslist.org,Hanny,Orlando
mmontfortpa@unc.edu,Montfort,Mellisa
ibatterhampb@cornell.edu,Batterham,Ignaz
nattenborrowpc@google.co.uk,Attenborrow,Nari
ljacquemetpd@alexa.com,Jacquemet,Leonid
awinnpe@pbs.org,Winn,Ashbey
ddollarpf@a8.net,Dollar,Darline
ikemepg@webnode.com,Keme,Isa
mgrigoreph@columbia.edu,Grigore,Marietta
phatherellpi@cpanel.net,Hatherell,Paula
truskepj@acquirethisname.com,Ruske,Tris
lblachfordpk@wp.com,Blachford,Lucienne
asherynpl@bandcamp.com,Sheryn,Aundrea
abirkinpm@geocities.jp,Birkin,Alfred
cblowerspn@guardian.co.uk,Blowers,Chris
cdaultonpo@ft.com,Daulton,Catlee
tivantyevpp@cnet.com,Ivantyev,Tremain
lwhiteheadpq@census.gov,Whitehead,Linnea
crowdenpr@elpais.com,Rowden,Cirstoforo
ocuckoops@1und1.de,Cuckoo,Osbourn
hkavanaghpt@dot.gov,Kavanagh,Hadlee
waslampu@wsj.com,Aslam,Waylen
mistonpv@mac.com,Iston,Mathe
rnutkinpw@biglobe.ne.jp,Nutkin,Rea
hbambroughpx@1und1.de,Bambrough,Hurley
lmarchenkopy@nyu.edu,Marchenko,Lonna
gczaplepz@devhub.com,Czaple,Gunter
bdraperq0@amazon.co.jp,Draper,Brinna
lpearmainq1@zimbio.com,Pearmain,Lari
egadsdenq2@cnet.com,Gadsden,Emanuele
srossbrookq3@networksolutions.com,Rossbrook,Sophi
bstclairq4@issuu.com,St. Clair,Brianna
cedgleyq5@ca.gov,Edgley,Charlotte
uealesq6@ucoz.com,Eales,Ulrich
rdrohunq7@nhs.uk,Drohun,Roarke
rstuddeardq8@gizmodo.com,Studdeard,Raimund
mrowlattq9@chicagotribune.com,Rowlatt,Marney
rairlieqa@mozilla.org,Airlie,Ruperta
rshaperaqb@jimdo.com,Shapera,Rusty
bdoniseqc@nba.com,D'Onise,Bennie
csurmanqd@mashable.com,Surman,Carlin
tabthorpeqe@dion.ne.jp,Abthorpe,Tulley
bcisnerosqf@blog.com,Cisneros,Bart
ktremolieresqg@loc.gov,Tremolieres,Kinny
adanielutqh@csmonitor.com,Danielut,Alanna
pflohardqi@yolasite.com,Flohard,Pierette
dshouldersqj@surveymonkey.com,Shoulders,Dalila
fgowmanqk@dion.ne.jp,Gowman,Friedrick
tdopsonql@biblegateway.com,Dopson,Terrill
kshewonqm@odnoklassniki.ru,Shewon,Kelby
feddiesqn@wired.com,Eddies,Flint
spetrosianqo@sciencedirect.com,Petrosian,Sisile
djoyceqp@auda.org.au,Joyce,Donovan
nbilverstoneqq@seattletimes.com,Bilverstone,Netta
omulcockqr@ning.com,Mulcock,Odo
lpristnorqs@mail.ru,Pristnor,Liana
mvoiceqt@i2i.jp,Voice,Moshe
amasserelqu@theatlantic.com,Masserel,Angelina
cjosefsenqv@shareasale.com,Josefsen,Claude
kzelleyqw@networkadvertising.org,Zelley,Kizzie
cdyersqx@addtoany.com,Dyers,Callida
texcellqy@de.vu,Excell,Tabby
adoolyqz@tiny.cc,Dooly,Avictor
ddecristofalor0@joomla.org,De Cristofalo,Dee dee
lpigner1@ehow.com,Pigne,Layton
bwycher2@geocities.jp,Wyche,Bryant
cmixerr3@npr.org,Mixer,Chauncey
fdimmockr4@vk.com,Dimmock,Floria
gtibbitsr5@cdc.gov,Tibbits,Gilberta
pellimanr6@slideshare.net,Elliman,Pierson
gchatresr7@pbs.org,Chatres,Gustie
gthebeaudr8@fastcompany.com,Thebeaud,Georgie
charknessr9@posterous.com,Harkness,Courtney
eainscoughra@about.com,Ainscough,Erv
dnapperrb@whitehouse.gov,Napper,Dick
dwhittickrc@apache.org,Whittick,Dalton
dbroggettird@guardian.co.uk,Broggetti,Derick
swoolnoughre@hao123.com,Woolnough,Sharlene
cphippenrf@altervista.org,Phippen,Colet
tmellhuishrg@epa.gov,Mellhuish,Temp
fmaggirh@ox.ac.uk,Maggi,Filide
cmacallanri@miibeian.gov.cn,MacAllan,Corny
rcazinrj@booking.com,Cazin,Rosette
tstoakrk@a8.net,Stoak,Trina
kaggliorl@accuweather.com,Agglio,Kara
ddelislerm@blogspot.com,De Lisle,Dalila
rwallesrn@free.fr,Walles,Reynolds
dtwelvetreero@bizjournals.com,Twelvetree,Deny
bguiduzzirp@icio.us,Guiduzzi,Beatrix
joldfordrq@hhs.gov,Oldford,Juditha
fteecerr@goodreads.com,Teece,Filippa
